amoebacity22@gmail.com = Chieu Nguyen <amoebacity22@gmail.com>
andrei.arusoaie = Andrei Arusoai <Andrei.Arusoaie@gmail.com>
andrei.arusoaie@gmail.com = Andrei Arusoai <Andrei.Arusoaie@gmail.com>
Andrei.Arusoaie@gmail.com = Andrei Arusoai <Andrei.Arusoaie@gmail.com>
andreistef = Andrei Ștefănescu <andreistef@gmail.com>
andreistef@gmail.com = Andrei Ștefănescu <andreistef@gmail.com>
aurelienhmarion@gmail.com = Aurélien Marion <aurelienhmarion@gmail.com>
brandon.3.moore = Brandon Moore <brandon.3.moore@gmail.com>
brandon.3.moore@gmail.com = Brandon Moore <brandon.3.moore@gmail.com>
chathhorn = Chris Hathhorn <chathhorn@gmail.com>
cmelliso = Chucky Ellison <cmelliso@gmail.com>
daniel.ionut.vicol = Vicol Daniel-Ionut <daniel.ionut.vicol@gmail.com>
david.lazar = David Lazar <david.lazar@gmail.com>
david.lazar@gmail.com = David Lazar <david.lazar@gmail.com>
denis.bogdanas@gmail.com = Denis Bogdanas <denis.bogdanas@gmail.com>
Dorel.Lucanu = Dorel Lucanu <Dorel.Lucanu@gmail.com>
dorel.lucanu@gmail.com = Dorel Lucanu <Dorel.Lucanu@gmail.com>
dwight.guth@gmail.com = Dwight Guth <dwight.guth@gmail.com>
Emiliannec = Emilian Necula <Emiliannec@gmail.com>
Emiliannec@gmail.com = Emilian Necula <Emiliannec@gmail.com>
fotanus = Felipe Tanus <fotanus@gmail.com>
grigore.rosu = Grigore Roșu <grigore.rosu@gmail.com>
grigore.rosu@gmail.com = Grigore Roșu <grigore.rosu@gmail.com>
headness13@gmail.com = Radu Mereuta <headness13@gmail.com>
irina.mariuca = Irina Mariuca Asavoae <irina.mariuca@gmail.com>
kdblocher@gmail.com = Kyle Blocher <kdblocher@gmail.com>
k-list@cs.uiuc.edu = k-list@cs.uiuc.edu <k-list@cs.uiuc.edu>
lapoussique@gmail.com = Dmitry Dzhus <lapoussique@gmail.com>
m3rabb = Maurice Rabb <m3rabb@gmail.com>
m3rabb@gmail.com = Maurice Rabb <m3rabb@gmail.com>
michael.ilseman = Michael Ilseman <michael.ilseman@gmail.com>
michael.ilseman@gmail.com = Michael Ilseman <michael.ilseman@gmail.com>
mihail.asavoae = Mihail Asavoae <mihail.asavoae@gmail.com>
mihail.asavoae@gmail.com = Mihail Asavoae <mihail.asavoae@gmail.com>
milos.gligoric = Milos Gligoric <milos.gligoric@gmail.com>
owolabileg@gmail.com = Owolabi Legunsen <owolabileg@gmail.com>
pmeredit = Patrick Meredith <pmeredit@gmail.com>
stefan.ciobaca = Ștefan Ciobâcă <stefan.ciobaca@gmail.com>
stefan.ciobaca@gmail.com = Ștefan Ciobâcă <stefan.ciobaca@gmail.com>
traian.serbanuta = Traian Șerbănuță <Traian.Serbanuta@gmail.com>
Traian.Serbanuta = Traian Șerbănuță <Traian.Serbanuta@gmail.com>
traian.serbanuta@gmail.com = Traian Șerbănuță <Traian.Serbanuta@gmail.com>
Traian.Serbanuta@gmail.com = Traian Șerbănuță <Traian.Serbanuta@gmail.com>
Vlad.Rusu@inria.fr = Vlad Rusu <VladMGRusu@gmail.com>
cnserd = Cansu Erdogan <csnerd@gmail.com>
cnserd@gmail.com = Cansu Erdogan <csnerd@gmail.com>
naum.elena = Elena Naum <naum.elena@gmail.com>
naum.elena@gmail.com = Elena Naum <naum.elena@gmail.com>
(no author) = (no author) <nobody@domain.invalid>
